{"cameraMode":{"drawMode":0,"name":"Shaded","section":"Shading Mode"},"sceneLighting":false,"audioPlay":false,"sceneViewState":{"m_AlwaysRefresh":false,"showFog":true,"showSkybox":false,"showFlares":true,"showImageEffects":true,"showParticleSystems":true,"showVisualEffectGraphs":true,"m_FxEnabled":true},"in2DMode":false,"pivot":{"x":1.896531343460083,"y":0.17857331037521363,"z":8.378487586975098},"rotation":{"x":-0.012667910195887089,"y":0.9840038418769836,"z":-0.15961559116840363,"w":-0.07809558510780335},"size":3.5299150943756105,"orthographic":false}